{"date_joined": "2017-12-02T07:26:41", "email": "pandalamani11@gmail.com", "gender": "male", "private_account": true, "profile_pic_url": "https://scontent.cdninstagram.com/v/t51.2885-19/s150x150/116683097_721610431718807_4979589817001975596_n.jpg?_nc_ht=scontent.cdninstagram.com&_nc_ohc=WmF5Xsg8pSwAX_HVan_&oh=8102f910373e8e5d1609a8210efa40b4&oe=5F620899", "username": "maani1331", "date_of_birth": "2001-01-13", "profile_picture_changes": [{"upload_timestamp": "2019-08-23T14:38:34+00:00"}, {"upload_timestamp": "2019-08-27T11:01:54+00:00"}, {"upload_timestamp": "2019-08-29T12:18:15+00:00"}, {"upload_timestamp": "2019-10-09T05:11:50+00:00"}, {"upload_timestamp": "2019-10-18T16:30:24+00:00"}, {"upload_timestamp": "2019-10-22T12:00:49+00:00"}, {"upload_timestamp": "2019-11-02T12:35:05+00:00"}, {"upload_timestamp": "2019-11-20T08:47:58+00:00"}, {"upload_timestamp": "2019-12-11T16:12:43+00:00"}, {"upload_timestamp": "2019-12-11T16:13:28+00:00"}, {"upload_timestamp": "2019-12-29T17:29:16+00:00"}, {"upload_timestamp": "2020-01-30T03:04:39+00:00"}, {"upload_timestamp": "2020-01-31T02:56:12+00:00"}, {"upload_timestamp": "2020-02-04T14:02:33+00:00"}, {"upload_timestamp": "2020-06-29T15:33:21+00:00"}, {"upload_timestamp": "2020-06-30T09:36:10+00:00"}, {"upload_timestamp": "2020-06-30T10:53:30+00:00"}, {"upload_timestamp": "2020-07-01T15:03:59+00:00"}, {"upload_timestamp": "2020-07-31T02:41:31+00:00"}]}