[{"first_name": "Malli", "last_name": "Karjun", "contact": "7032112820", "imported_time": "2020-04-17T13:25:13+00:00"}, {"first_name": "Pj", "last_name": "", "contact": "9703980469", "imported_time": "2020-04-17T13:25:13+00:00"}, {"first_name": "Amma", "last_name": "", "contact": "6303742119", "imported_time": "2020-04-17T13:25:13+00:00"}, {"first_name": "Raju", "last_name": "", "contact": "8499030276", "imported_time": "2020-04-17T13:25:13+00:00"}, {"first_name": "Nasa", "last_name": "", "contact": "9640463773", "imported_time": "2020-04-17T13:25:13+00:00"}, {"first_name": "Rk", "last_name": "", "contact": "9502034257", "imported_time": "2020-04-17T13:25:13+00:00"}, {"first_name": "Gopi", "last_name": "Year", "contact": "8886172071", "imported_time": "2020-04-17T13:25:13+00:00"}, {"first_name": "Nagendra Busa", "last_name": "INTER", "contact": "9346518013", "imported_time": "2020-04-17T13:25:13+00:00"}, {"first_name": "Arshad", "last_name": "", "contact": "6303275109", "imported_time": "2020-04-17T13:25:13+00:00"}, {"first_name": "Raghuprasad", "last_name": "Cse", "contact": "6305149048", "imported_time": "2020-04-17T13:25:13+00:00"}, {"first_name": "Madhu", "last_name": "Inter", "contact": "8309490822", "imported_time": "2020-04-17T13:25:13+00:00"}, {"first_name": "Jayendra", "last_name": "1", "contact": "8106058575", "imported_time": "2020-04-17T13:25:13+00:00"}, {"first_name": "raymond", "last_name": "", "contact": "6309821484", "imported_time": "2020-04-17T13:25:13+00:00"}, {"first_name": "Sai", "last_name": "Mokkak", "contact": "8187050405", "imported_time": "2020-04-17T13:25:13+00:00"}, {"first_name": "కళ్యాణి", "last_name": "", "contact": "9767138036", "imported_time": "2020-04-17T13:25:13+00:00"}, {"first_name": "Siva", "last_name": "", "contact": "7893171908", "imported_time": "2020-04-17T13:25:13+00:00"}, {"first_name": "P", "last_name": "Brother", "contact": "8142486473", "imported_time": "2020-04-17T13:25:13+00:00"}, {"first_name": "Hod", "last_name": "", "contact": "6471665", "imported_time": "2020-04-17T13:25:13+00:00"}, {"first_name": "Tarun", "last_name": "", "contact": "7780110015", "imported_time": "2020-04-17T13:25:13+00:00"}, {"first_name": "Surya", "last_name": "", "contact": "2570128", "imported_time": "2020-04-17T13:25:13+00:00"}, {"first_name": "Drip", "last_name": "", "contact": "9393000175", "imported_time": "2020-04-17T13:25:13+00:00"}, {"first_name": "Viswanath", "last_name": "Bava", "contact": "8482509929", "imported_time": "2020-04-17T13:25:13+00:00"}, {"first_name": "Jayendra", "last_name": "", "contact": "7095832015", "imported_time": "2020-04-17T13:25:13+00:00"}, {"first_name": "Deepu", "last_name": "", "contact": "8096368997", "imported_time": "2020-04-17T13:25:13+00:00"}, {"first_name": "Biswanth", "last_name": "", "contact": "9581991559", "imported_time": "2020-04-17T13:25:13+00:00"}, {"first_name": "Lokesh", "last_name": "", "contact": "9618142032", "imported_time": "2020-04-17T13:25:13+00:00"}, {"first_name": "saleem", "last_name": "reasoning", "contact": "7981984698", "imported_time": "2020-04-17T13:25:13+00:00"}, {"first_name": "Amar", "last_name": "", "contact": "8790395654", "imported_time": "2020-04-17T13:25:13+00:00"}, {"first_name": "Praveen", "last_name": "Billa", "contact": "6302554737", "imported_time": "2020-04-17T13:25:13+00:00"}, {"first_name": "Kallel", "last_name": "Basha", "contact": "9573386236", "imported_time": "2020-04-17T13:25:13+00:00"}, {"first_name": "Rakesh", "last_name": "", "contact": "7013447869", "imported_time": "2020-04-17T13:25:13+00:00"}, {"first_name": "Munwar", "last_name": "Basha", "contact": "6303349475", "imported_time": "2020-04-17T13:25:13+00:00"}, {"first_name": "Nagamani", "last_name": "Vadina", "contact": "8555053377", "imported_time": "2020-04-17T13:25:13+00:00"}, {"first_name": "Sriramulu", "last_name": "Chirala", "contact": "9640104442", "imported_time": "2020-04-17T13:25:13+00:00"}, {"first_name": "Trinad", "last_name": "ECE", "contact": "6304155013", "imported_time": "2020-04-17T13:25:13+00:00"}, {"first_name": "Ravi", "last_name": "", "contact": "7995394102", "imported_time": "2020-04-17T13:25:13+00:00"}, {"first_name": "Neeraj", "last_name": "", "contact": "9059907905", "imported_time": "2020-04-17T13:25:13+00:00"}, {"first_name": "Pavan", "last_name": "Chennai", "contact": "9176666821", "imported_time": "2020-04-17T13:25:13+00:00"}, {"first_name": "Milk", "last_name": "", "contact": "7799057339", "imported_time": "2020-04-17T13:25:13+00:00"}, {"first_name": "Nagalakshmi", "last_name": "Vadina", "contact": "6309185223", "imported_time": "2020-04-17T13:25:13+00:00"}, {"first_name": "Jabili", "last_name": "", "contact": "9405879887", "imported_time": "2020-04-17T13:25:13+00:00"}, {"first_name": "Krishna", "last_name": "", "contact": "9533715911", "imported_time": "2020-04-17T13:25:13+00:00"}, {"first_name": "Celkon", "last_name": "Care", "contact": "18004250077", "imported_time": "2020-04-17T13:25:13+00:00"}, {"first_name": "UIDAI", "last_name": "", "contact": "18003001947", "imported_time": "2020-04-17T13:25:13+00:00"}, {"first_name": "Va", "last_name": "", "contact": "2182171877", "imported_time": "2020-04-17T13:25:13+00:00"}, {"first_name": "Srinivas", "last_name": "Bava", "contact": "9484131634", "imported_time": "2020-04-17T13:25:13+00:00"}, {"first_name": "Organic", "last_name": "Pesticides", "contact": "8341944268", "imported_time": "2020-04-17T13:25:13+00:00"}, {"first_name": "Nagalakshmi", "last_name": "Chirala", "contact": "9381649095", "imported_time": "2020-04-17T13:25:13+00:00"}, {"first_name": "Jani", "last_name": "10th", "contact": "9515349532", "imported_time": "2020-04-17T13:25:13+00:00"}, {"first_name": "Bageswari", "last_name": "Sister", "contact": "8142592332", "imported_time": "2018-09-29T03:11:15+00:00"}, {"first_name": "P", "last_name": "Sister", "contact": "9701053722", "imported_time": "2018-09-29T03:11:15+00:00"}, {"first_name": "Jk", "last_name": "", "contact": "9059907905", "imported_time": "2018-09-29T03:11:15+00:00"}, {"first_name": "Sowjanya", "last_name": "Sister", "contact": "7893436205", "imported_time": "2018-09-29T03:11:15+00:00"}, {"first_name": "Raju", "last_name": "", "contact": "8499030276", "imported_time": "2018-09-29T03:11:15+00:00"}, {"first_name": "Neeraj", "last_name": "Inter", "contact": "9059907905", "imported_time": "2018-09-29T03:11:15+00:00"}, {"first_name": "Mutta", "last_name": "Mestri", "contact": "8919760166", "imported_time": "2018-09-29T03:11:15+00:00"}, {"first_name": "Avinash", "last_name": "Inter", "contact": "8897654679", "imported_time": "2018-09-29T03:11:15+00:00"}, {"first_name": "Mahesh", "last_name": "Brother", "contact": "9963186445", "imported_time": "2018-09-29T03:11:15+00:00"}, {"first_name": "Maheshwari", "last_name": "Sister", "contact": "7382083623", "imported_time": "2018-09-29T03:11:15+00:00"}, {"first_name": "Raghuprasad", "last_name": "", "contact": "7036968393", "imported_time": "2018-09-29T03:11:15+00:00"}, {"first_name": "Mallikarjuna", "last_name": "", "contact": "7032112820", "imported_time": "2018-09-29T03:11:15+00:00"}, {"first_name": "Vamsipandala", "last_name": "Brother", "contact": "8142486473", "imported_time": "2018-09-29T03:11:15+00:00"}, {"first_name": "Arun", "last_name": "CR", "contact": "9494920644", "imported_time": "2018-09-29T03:11:15+00:00"}, {"first_name": "Jayendra", "last_name": "ECE", "contact": "7993022109", "imported_time": "2018-09-29T03:11:15+00:00"}, {"first_name": "Zephania", "last_name": "Remond", "contact": "6309821484", "imported_time": "2018-09-29T03:11:15+00:00"}, {"first_name": "Mahesh", "last_name": "Civil", "contact": "9502282712", "imported_time": "2018-09-29T03:11:15+00:00"}, {"first_name": "Biswanth", "last_name": "", "contact": "9581991559", "imported_time": "2018-09-29T03:11:15+00:00"}, {"first_name": "Sai", "last_name": "Bro", "contact": "8919399298", "imported_time": "2018-09-29T03:11:15+00:00"}, {"first_name": "Nana", "last_name": "", "contact": "9963848637", "imported_time": "2018-09-29T03:11:15+00:00"}, {"first_name": "Nagasai", "last_name": "", "contact": "9640463773", "imported_time": "2018-09-29T03:11:15+00:00"}, {"first_name": "Suneel", "last_name": "Raj", "contact": "7032636426", "imported_time": "2018-09-29T03:11:15+00:00"}, {"first_name": "Newsletters", "last_name": "", "contact": "newsletters@taskbucksmail.in", "imported_time": "2018-09-29T03:11:15+00:00"}, {"first_name": "Dibchand", "last_name": "", "contact": "8096368997", "imported_time": "2018-09-29T03:11:15+00:00"}, {"first_name": "Kalyani", "last_name": "Paddama", "contact": "9767138036", "imported_time": "2018-09-29T03:11:15+00:00"}, {"first_name": "Mm", "last_name": "", "contact": "9849222269", "imported_time": "2018-09-29T03:11:15+00:00"}, {"first_name": "Nagarajusir", "last_name": "EEE", "contact": "8074616499", "imported_time": "2018-09-29T03:11:15+00:00"}, {"first_name": "Mahesh", "last_name": "Anna", "contact": "9642800002", "imported_time": "2018-09-29T03:11:15+00:00"}, {"first_name": "Tarun", "last_name": "", "contact": "7780110015", "imported_time": "2018-09-29T03:11:15+00:00"}, {"first_name": "Kalyani", "last_name": "Paddamma", "contact": "8788070774", "imported_time": "2018-09-29T03:11:15+00:00"}, {"first_name": "Lellla", "last_name": "Sasi", "contact": "7674833718", "imported_time": "2018-09-29T03:11:15+00:00"}, {"first_name": "Jayendra", "last_name": "", "contact": "7095832015", "imported_time": "2018-09-29T03:11:15+00:00"}, {"first_name": "B", "last_name": "", "contact": "9494123686", "imported_time": "2018-09-29T03:11:15+00:00"}, {"first_name": "Ss", "last_name": "", "contact": "9951787292", "imported_time": "2018-09-29T03:11:15+00:00"}, {"first_name": "Prasanna", "last_name": "Kumar", "contact": "9912079698", "imported_time": "2018-09-29T03:11:15+00:00"}, {"first_name": "Newsletters", "last_name": "", "contact": "newsletters@taskbucksletter.com", "imported_time": "2018-09-29T03:11:15+00:00"}, {"first_name": "Surendra", "last_name": "", "contact": "7993603412", "imported_time": "2018-09-29T03:11:15+00:00"}, {"first_name": "Ashok", "last_name": "Reddy", "contact": "9912363526", "imported_time": "2018-09-29T03:11:15+00:00"}, {"first_name": "Rk", "last_name": "", "contact": "9502034257", "imported_time": "2018-09-29T03:11:15+00:00"}, {"first_name": "Chinatha", "last_name": "", "contact": "7675035085", "imported_time": "2018-09-29T03:11:15+00:00"}, {"first_name": "Yasin Mec", "last_name": "Year", "contact": "9121910863", "imported_time": "2018-09-29T03:11:15+00:00"}, {"first_name": "Yasin", "last_name": "", "contact": "9010134106", "imported_time": "2018-09-29T03:11:15+00:00"}, {"first_name": "Ch", "last_name": "", "contact": "9676360180", "imported_time": "2018-09-29T03:11:15+00:00"}, {"first_name": "Vamsi", "last_name": "", "contact": "9652946598", "imported_time": "2018-09-29T03:11:15+00:00"}, {"first_name": "Voda😎", "last_name": "", "contact": "9052894619", "imported_time": "2018-09-29T03:11:15+00:00"}, {"first_name": "Madhan", "last_name": "Bava", "contact": "8885567879", "imported_time": "2018-09-29T03:11:15+00:00"}, {"first_name": "Eswar", "last_name": "", "contact": "9390847908", "imported_time": "2018-09-29T03:11:15+00:00"}, {"first_name": "Upendra", "last_name": "ECE", "contact": "6302846646", "imported_time": "2018-09-29T03:11:15+00:00"}, {"first_name": "Newsletters", "last_name": "", "contact": "newsletters@taskbucks.co", "imported_time": "2018-09-29T03:11:15+00:00"}, {"first_name": "Newsletters", "last_name": "", "contact": "newsletters@taskbucks.biz", "imported_time": "2018-09-29T03:11:15+00:00"}]