{"camera": [{"device_id": "5f536e958c2223e5eae879acbb265077", "supported_sdk_versions": "66.0,67.0,68.0,69.0,70.0,71.0,72.0,73.0,74.0,75.0,76.0,77.0,78.0,79.0,80.0,81.0,82.0,83.0,84.0,85.0,86.0,87.0,88.0,89.0,90.0,91.0,92.0,93.0,94.0", "face_filter": "14", "compression": "etc2_compression"}], "devices": [{"last_seen": "2020-08-14T15:41:39.056510+00:00", "user_agent": "Instagram 111.0.0.24.152 Android (24/7.0; 240dpi; 480x800; Celkon; Smart 4G; Smart_4G; sp9832a_2h11; te_IN; 172894465)", "device_id": "android-3cca7da7632edad"}, {"last_seen": "2020-08-14T15:30:39.917574+00:00", "user_agent": "Instagram 153.0.0.34.96 Android (27/8.1.0; 320dpi; 720x1440; HUAWEI/HONOR; BKK-AL10; HWBKK-Q; qcom; en_IN; 236572372)", "device_id": "android-d12032656f5c6118"}, {"last_seen": "2020-08-13T09:30:09.523916+00:00", "user_agent": "Instagram 150.0.0.33.120 Android (25/7.1.1; 240dpi; 1280x720; OnePlus; ONEPLUS A5000; OnePlus5; qcom; en_US; 230877718)", "device_id": "android-5b7d14904d2ff825"}, {"last_seen": "2020-07-02T07:05:55.918541+00:00", "user_agent": "Instagram 136.0.0.34.124 Android (23/6.0; 320dpi; 720x1280; Celkon; U; sp9832a_2h11_volte; sc9832; en_US; 208061674)", "device_id": "android-ca7a91d0996c8e8c"}, {"last_seen": "2020-06-08T06:22:10.575898+00:00", "user_agent": "Instagram 136.0.0.34.124 Android (23/6.0; 320dpi; 720x1280; Celkon; U; sp9832a_2h11_volte; sc9832; en_US; 208061674)", "device_id": "android-55ed020abbdf6279"}, {"last_seen": "2020-03-01T13:10:26.986912+00:00", "user_agent": "Instagram 120.0.0.29.118 Android (24/7.0; 240dpi; 480x897; itel/Itel; itel A44; itel-A44; mt6735; en_US; 183982968)", "device_id": "android-c2d3a6f5f6d2ca95"}, {"last_seen": "2019-12-18T10:36:59.481914+00:00", "user_agent": "Instagram 123.0.0.21.114 Android (28/9; 320dpi; 720x1384; samsung; SM-J600G; j6lte; samsungexynos7870; en_GB; 188791643)", "device_id": "android-660703ef3233e910"}]}