{"date_joined": "2019-04-08T08:19:04", "gender": "female", "private_account": true, "profile_pic_url": "https://scontent.cdninstagram.com/v/t51.2885-19/s150x150/117306986_332001678185225_4215283153494944264_n.jpg?_nc_ht=scontent.cdninstagram.com&_nc_ohc=k-yCEWKrP-oAX-oFtTF&oh=1fed6d1eb97b55c72c6644bbf0a47a96&oe=5F5E6D08", "username": "sirii1331", "profile_picture_changes": [{"upload_timestamp": "2019-08-02T15:09:41+00:00"}, {"upload_timestamp": "2019-08-05T12:36:28+00:00"}, {"upload_timestamp": "2019-08-15T03:40:31+00:00"}, {"upload_timestamp": "2019-08-15T10:27:29+00:00"}, {"upload_timestamp": "2019-08-15T10:29:48+00:00"}, {"upload_timestamp": "2019-08-18T05:39:58+00:00"}, {"upload_timestamp": "2019-08-18T14:27:17+00:00"}, {"upload_timestamp": "2019-08-20T12:17:22+00:00"}, {"upload_timestamp": "2019-08-20T12:28:30+00:00"}, {"upload_timestamp": "2019-08-22T11:26:02+00:00"}, {"upload_timestamp": "2019-08-22T13:02:04+00:00"}, {"upload_timestamp": "2019-08-29T05:02:07+00:00"}, {"upload_timestamp": "2019-08-30T14:24:26+00:00"}, {"upload_timestamp": "2019-09-01T02:38:22+00:00"}, {"upload_timestamp": "2019-09-01T04:16:07+00:00"}, {"upload_timestamp": "2019-09-01T05:05:59+00:00"}, {"upload_timestamp": "2019-09-01T05:06:14+00:00"}, {"upload_timestamp": "2019-09-01T05:06:22+00:00"}, {"upload_timestamp": "2019-09-02T05:03:41+00:00"}, {"upload_timestamp": "2019-09-02T06:00:52+00:00"}, {"upload_timestamp": "2019-09-02T06:07:07+00:00"}, {"upload_timestamp": "2019-09-02T06:19:59+00:00"}, {"upload_timestamp": "2019-09-02T13:27:54+00:00"}, {"upload_timestamp": "2019-09-02T13:39:06+00:00"}, {"upload_timestamp": "2019-09-02T13:58:39+00:00"}, {"upload_timestamp": "2019-09-04T12:07:11+00:00"}, {"upload_timestamp": "2019-09-04T12:07:34+00:00"}, {"upload_timestamp": "2019-09-04T12:47:49+00:00"}, {"upload_timestamp": "2019-09-06T08:08:04+00:00"}, {"upload_timestamp": "2019-09-06T08:13:32+00:00"}, {"upload_timestamp": "2019-09-06T09:04:54+00:00"}, {"upload_timestamp": "2019-09-07T06:01:31+00:00"}, {"upload_timestamp": "2019-09-07T06:29:36+00:00"}, {"upload_timestamp": "2019-09-07T13:32:51+00:00"}, {"upload_timestamp": "2019-09-07T16:12:41+00:00"}, {"upload_timestamp": "2019-09-10T06:43:18+00:00"}, {"upload_timestamp": "2019-09-10T12:33:18+00:00"}, {"upload_timestamp": "2019-09-20T09:17:19+00:00"}, {"upload_timestamp": "2019-09-20T09:23:57+00:00"}, {"upload_timestamp": "2019-09-21T11:54:15+00:00"}, {"upload_timestamp": "2019-09-22T02:38:50+00:00"}, {"upload_timestamp": "2019-09-22T04:25:22+00:00"}, {"upload_timestamp": "2019-09-22T04:29:19+00:00"}, {"upload_timestamp": "2019-09-22T07:01:21+00:00"}, {"upload_timestamp": "2019-09-22T07:22:25+00:00"}, {"upload_timestamp": "2019-09-22T08:57:39+00:00"}, {"upload_timestamp": "2019-09-23T13:00:16+00:00"}, {"upload_timestamp": "2019-09-23T13:01:02+00:00"}, {"upload_timestamp": "2019-09-23T13:01:25+00:00"}, {"upload_timestamp": "2019-09-23T13:14:50+00:00"}, {"upload_timestamp": "2019-09-29T01:31:24+00:00"}, {"upload_timestamp": "2019-09-29T01:31:39+00:00"}, {"upload_timestamp": "2019-09-29T05:19:41+00:00"}, {"upload_timestamp": "2019-09-29T05:20:09+00:00"}, {"upload_timestamp": "2019-10-07T06:57:28+00:00"}, {"upload_timestamp": "2019-10-24T07:49:30+00:00"}, {"upload_timestamp": "2019-10-25T12:02:21+00:00"}, {"upload_timestamp": "2019-10-26T01:16:16+00:00"}, {"upload_timestamp": "2019-10-26T08:06:31+00:00"}, {"upload_timestamp": "2019-10-26T08:10:41+00:00"}, {"upload_timestamp": "2019-10-31T14:15:56+00:00"}, {"upload_timestamp": "2019-11-02T08:49:23+00:00"}, {"upload_timestamp": "2019-12-29T13:43:38+00:00"}, {"upload_timestamp": "2020-01-08T10:24:55+00:00"}, {"upload_timestamp": "2020-01-08T11:16:07+00:00"}, {"upload_timestamp": "2020-01-08T11:17:44+00:00"}, {"upload_timestamp": "2020-01-08T11:18:22+00:00"}, {"upload_timestamp": "2020-03-23T04:42:40+00:00"}, {"upload_timestamp": "2020-03-27T06:48:44+00:00"}, {"upload_timestamp": "2020-03-27T06:49:51+00:00"}, {"upload_timestamp": "2020-03-27T12:32:42+00:00"}, {"upload_timestamp": "2020-03-27T15:38:34+00:00"}, {"upload_timestamp": "2020-03-28T07:33:56+00:00"}, {"upload_timestamp": "2020-03-28T08:24:32+00:00"}, {"upload_timestamp": "2020-03-28T08:25:02+00:00"}, {"upload_timestamp": "2020-03-28T08:25:25+00:00"}, {"upload_timestamp": "2020-03-28T08:26:10+00:00"}, {"upload_timestamp": "2020-03-28T08:26:47+00:00"}, {"upload_timestamp": "2020-03-28T12:45:13+00:00"}, {"upload_timestamp": "2020-03-28T16:18:40+00:00"}, {"upload_timestamp": "2020-04-03T09:11:52+00:00"}, {"upload_timestamp": "2020-04-04T13:22:43+00:00"}, {"upload_timestamp": "2020-06-29T15:53:04+00:00"}, {"upload_timestamp": "2020-06-29T15:57:26+00:00"}, {"upload_timestamp": "2020-06-29T16:14:30+00:00"}, {"upload_timestamp": "2020-06-30T02:53:45+00:00"}, {"upload_timestamp": "2020-06-30T03:00:50+00:00"}, {"upload_timestamp": "2020-06-30T03:04:52+00:00"}, {"upload_timestamp": "2020-06-30T11:04:35+00:00"}, {"upload_timestamp": "2020-06-30T11:05:19+00:00"}, {"upload_timestamp": "2020-07-01T09:44:43+00:00"}, {"upload_timestamp": "2020-07-01T14:59:20+00:00"}, {"upload_timestamp": "2020-07-10T04:41:55+00:00"}, {"upload_timestamp": "2020-07-29T03:03:55+00:00"}, {"upload_timestamp": "2020-07-29T07:02:33+00:00"}, {"upload_timestamp": "2020-07-30T09:38:43+00:00"}, {"upload_timestamp": "2020-07-31T02:42:34+00:00"}, {"upload_timestamp": "2020-08-02T09:58:26+00:00"}, {"upload_timestamp": "2020-08-05T03:40:20+00:00"}, {"upload_timestamp": "2020-08-05T03:41:32+00:00"}, {"upload_timestamp": "2020-08-05T12:44:18+00:00"}, {"upload_timestamp": "2020-08-13T08:19:23+00:00"}]}