[{"first_name": "Arun", "last_name": "", "contact": "9398882452", "imported_time": "2019-07-31T03:17:36+00:00"}, {"first_name": "Bhuvana", "last_name": "", "contact": "7702571319", "imported_time": "2019-07-31T03:17:36+00:00"}, {"first_name": "PANDU", "last_name": "", "contact": "7799521010", "imported_time": "2019-07-31T03:17:36+00:00"}, {"first_name": "PANDU", "last_name": "", "contact": "7989122443", "imported_time": "2019-07-31T03:17:36+00:00"}, {"first_name": "", "last_name": "", "contact": "8185897405", "imported_time": "2019-07-31T03:17:36+00:00"}, {"first_name": "Sanjana", "last_name": "38707", "contact": "7013838707", "imported_time": "2019-07-31T03:17:36+00:00"}, {"first_name": "Sanjana", "last_name": "38707", "contact": "7013838707", "imported_time": "2019-07-31T03:17:36+00:00"}, {"first_name": "Komali", "last_name": "New", "contact": "7670909675", "imported_time": "2019-07-31T03:17:36+00:00"}, {"first_name": "Manogna", "last_name": "", "contact": "6304774646", "imported_time": "2019-07-31T03:17:36+00:00"}, {"first_name": "Lekhana", "last_name": "", "contact": "8106107125", "imported_time": "2019-07-31T03:17:36+00:00"}, {"first_name": "Shruthi", "last_name": "", "contact": "6303221609", "imported_time": "2019-07-31T03:17:36+00:00"}, {"first_name": "Vishnu", "last_name": "", "contact": "8106373765", "imported_time": "2019-07-31T03:17:36+00:00"}, {"first_name": "N.manogna", "last_name": "", "contact": "6301960393", "imported_time": "2019-07-31T03:17:36+00:00"}, {"first_name": "Hari", "last_name": "Babai", "contact": "9916523136", "imported_time": "2019-07-31T03:17:36+00:00"}, {"first_name": "Srikanth", "last_name": "Annaya", "contact": "9491665548", "imported_time": "2019-07-31T03:17:36+00:00"}, {"first_name": "Anisha", "last_name": "", "contact": "6304632272", "imported_time": "2019-07-31T03:17:36+00:00"}, {"first_name": "Tejaswini", "last_name": "", "contact": "9494966878", "imported_time": "2019-07-31T03:17:36+00:00"}, {"first_name": "Sanjana", "last_name": "", "contact": "7013838707", "imported_time": "2019-07-31T03:17:36+00:00"}, {"first_name": "Jyothi", "last_name": "", "contact": "9346173188", "imported_time": "2019-07-31T03:17:36+00:00"}, {"first_name": "Manasa", "last_name": "", "contact": "6300775219", "imported_time": "2019-07-31T03:17:36+00:00"}, {"first_name": "Prameela", "last_name": "Aunt", "contact": "9989769638", "imported_time": "2019-07-31T03:17:36+00:00"}, {"first_name": "Sanjana", "last_name": "", "contact": "7013838707", "imported_time": "2019-07-31T03:17:36+00:00"}, {"first_name": "Niharika", "last_name": "", "contact": "9603229389", "imported_time": "2019-07-31T03:17:36+00:00"}, {"first_name": "Jassu", "last_name": "", "contact": "8886576951", "imported_time": "2019-07-31T03:17:36+00:00"}, {"first_name": "Sravani", "last_name": "", "contact": "8309061911", "imported_time": "2019-07-31T03:17:36+00:00"}, {"first_name": "ChandraAkka@NEC", "last_name": "", "contact": "7330959074", "imported_time": "2019-07-31T03:17:36+00:00"}, {"first_name": "Ruchitha", "last_name": "", "contact": "7995491686", "imported_time": "2019-07-31T03:17:36+00:00"}, {"first_name": "Gaya", "last_name": "", "contact": "9490995967", "imported_time": "2019-07-31T03:17:36+00:00"}, {"first_name": "Prasana", "last_name": "10th", "contact": "9121363759", "imported_time": "2019-07-31T03:17:36+00:00"}, {"first_name": "Vanaja", "last_name": "", "contact": "7075470345", "imported_time": "2019-07-31T03:17:36+00:00"}, {"first_name": "Roshni", "last_name": "", "contact": "7780703922", "imported_time": "2019-07-31T03:17:36+00:00"}, {"first_name": "Akhila", "last_name": "", "contact": "8309170456", "imported_time": "2019-07-31T03:17:36+00:00"}, {"first_name": "Hema", "last_name": "", "contact": "9121758763", "imported_time": "2019-07-31T03:17:36+00:00"}, {"first_name": "Praveena", "last_name": "", "contact": "9032962480", "imported_time": "2019-07-31T03:17:36+00:00"}, {"first_name": "Manogna", "last_name": "", "contact": "9502111911", "imported_time": "2019-07-31T03:17:36+00:00"}, {"first_name": "Srivalli", "last_name": "", "contact": "9014973969", "imported_time": "2019-07-31T03:17:36+00:00"}, {"first_name": "sandhya", "last_name": "", "contact": "9949417929", "imported_time": "2019-07-31T03:17:36+00:00"}, {"first_name": "Pragna", "last_name": "", "contact": "9182201511", "imported_time": "2019-07-31T03:17:36+00:00"}, {"first_name": "Jasmine", "last_name": "", "contact": "6303574755", "imported_time": "2019-07-31T03:17:36+00:00"}, {"first_name": "Prameela", "last_name": "Aunt", "contact": "9989769638", "imported_time": "2019-07-31T03:17:36+00:00"}, {"first_name": "she", "last_name": "team", "contact": "9490616555", "imported_time": "2019-07-31T03:17:36+00:00"}, {"first_name": "Emergency Helpline No's", "last_name": "India", "contact": "1916", "imported_time": "2019-07-31T03:17:36+00:00"}, {"first_name": "Reshma", "last_name": "", "contact": "7660962509", "imported_time": "2019-07-31T03:17:36+00:00"}, {"first_name": "Emergency Helpline No's", "last_name": "India", "contact": "1800114000", "imported_time": "2019-07-31T03:17:36+00:00"}, {"first_name": "Emergency Helpline No's", "last_name": "India", "contact": "1581", "imported_time": "2019-07-31T03:17:36+00:00"}, {"first_name": "Emergency Helpline No's", "last_name": "India", "contact": "1958", "imported_time": "2019-07-31T03:17:36+00:00"}, {"first_name": "Emergency Helpline No's", "last_name": "India", "contact": "18001805522", "imported_time": "2019-07-31T03:17:36+00:00"}, {"first_name": "she", "last_name": "team", "contact": "4027852355", "imported_time": "2019-07-31T03:17:36+00:00"}, {"first_name": "Anusha", "last_name": "Akka", "contact": "9052028814", "imported_time": "2019-07-31T03:17:36+00:00"}, {"first_name": "Emergency Helpline No's", "last_name": "India", "contact": "1588", "imported_time": "2019-07-31T03:17:36+00:00"}, {"first_name": "Madhu", "last_name": "Babai", "contact": "6309101277", "imported_time": "2019-07-31T03:17:36+00:00"}, {"first_name": "Emergency Helpline No's", "last_name": "India", "contact": "1800117800", "imported_time": "2019-07-31T03:17:36+00:00"}, {"first_name": "Emergency Helpline No's", "last_name": "India", "contact": "198", "imported_time": "2019-07-31T03:17:36+00:00"}, {"first_name": "Indu", "last_name": "", "contact": "8886161059", "imported_time": "2019-07-31T03:17:36+00:00"}, {"first_name": "Emergency Helpline No's", "last_name": "India", "contact": "save samrtly with asap", "imported_time": "2019-07-31T03:17:36+00:00"}, {"first_name": "Emergency Helpline No's", "last_name": "India", "contact": "1600", "imported_time": "2019-07-31T03:17:36+00:00"}, {"first_name": "Emergency Helpline No's", "last_name": "India", "contact": "102", "imported_time": "2019-07-31T03:17:36+00:00"}, {"first_name": "Emergency Helpline No's", "last_name": "India", "contact": "1072", "imported_time": "2019-07-31T03:17:36+00:00"}, {"first_name": "Emergency Helpline No's", "last_name": "India", "contact": "1551", "imported_time": "2019-07-31T03:17:36+00:00"}, {"first_name": "Emergency Helpline No's", "last_name": "India", "contact": "1066", "imported_time": "2019-07-31T03:17:36+00:00"}, {"first_name": "Emergency Helpline No's", "last_name": "India", "contact": "1911", "imported_time": "2019-07-31T03:17:36+00:00"}, {"first_name": "Emergency Helpline No's", "last_name": "India", "contact": "1097", "imported_time": "2019-07-31T03:17:36+00:00"}, {"first_name": "Emergency Helpline No's", "last_name": "India", "contact": "1906", "imported_time": "2019-07-31T03:17:36+00:00"}, {"first_name": "Emergency Helpline No's", "last_name": "India", "contact": "1957", "imported_time": "2019-07-31T03:17:36+00:00"}, {"first_name": "3veni", "last_name": "", "contact": "9121853599", "imported_time": "2019-07-31T03:17:36+00:00"}, {"first_name": "Ikshitha", "last_name": "", "contact": "7330821373", "imported_time": "2019-07-31T03:17:36+00:00"}, {"first_name": "Emergency Helpline No's", "last_name": "India", "contact": "131", "imported_time": "2019-07-31T03:17:36+00:00"}, {"first_name": "Pravallika", "last_name": "", "contact": "7981938572", "imported_time": "2019-07-31T03:17:36+00:00"}, {"first_name": "Emergency Helpline No's", "last_name": "India", "contact": "104", "imported_time": "2019-07-31T03:17:36+00:00"}, {"first_name": "Emergency Helpline No's", "last_name": "India", "contact": "1251", "imported_time": "2019-07-31T03:17:36+00:00"}, {"first_name": "Pravallika@Nec", "last_name": "", "contact": "9951976955", "imported_time": "2019-07-31T03:17:36+00:00"}, {"first_name": "Emergency Helpline No's", "last_name": "India", "contact": "18001801104", "imported_time": "2019-07-31T03:17:36+00:00"}, {"first_name": "Emergency Helpline No's", "last_name": "India", "contact": "1091", "imported_time": "2019-07-31T03:17:36+00:00"}, {"first_name": "Emergency Helpline No's", "last_name": "India", "contact": "155333", "imported_time": "2019-07-31T03:17:36+00:00"}, {"first_name": "Emergency Helpline No's", "last_name": "India", "contact": "18003000780", "imported_time": "2019-07-31T03:17:36+00:00"}, {"first_name": "Emergency Helpline No's", "last_name": "India", "contact": "1098", "imported_time": "2019-07-31T03:17:36+00:00"}, {"first_name": "Bhavya", "last_name": "", "contact": "9347658923", "imported_time": "2019-07-31T03:17:36+00:00"}, {"first_name": "Emergency Helpline No's", "last_name": "India", "contact": "12727", "imported_time": "2019-07-31T03:17:36+00:00"}, {"first_name": "Emergency Helpline No's", "last_name": "India", "contact": "1913", "imported_time": "2019-07-31T03:17:36+00:00"}, {"first_name": "Emergency Helpline No's", "last_name": "India", "contact": "112", "imported_time": "2019-07-31T03:17:36+00:00"}, {"first_name": "Emergency Helpline No's", "last_name": "India", "contact": "1512", "imported_time": "2019-07-31T03:17:36+00:00"}, {"first_name": "Emergency Helpline No's", "last_name": "India", "contact": "1919", "imported_time": "2019-07-31T03:17:36+00:00"}, {"first_name": "Pedhamma", "last_name": "", "contact": "7993639575", "imported_time": "2019-07-31T03:17:36+00:00"}, {"first_name": "Emergency Helpline No's", "last_name": "India", "contact": "1090", "imported_time": "2019-07-31T03:17:36+00:00"}, {"first_name": "Emergency Helpline No's", "last_name": "India", "contact": "1070", "imported_time": "2019-07-31T03:17:36+00:00"}, {"first_name": "Emergency Helpline No's", "last_name": "India", "contact": "1952", "imported_time": "2019-07-31T03:17:36+00:00"}, {"first_name": "Emergency Helpline No's", "last_name": "India", "contact": "100", "imported_time": "2019-07-31T03:17:36+00:00"}, {"first_name": "Emergency Helpline No's", "last_name": "India", "contact": "139", "imported_time": "2019-07-31T03:17:36+00:00"}, {"first_name": "Emergency Helpline No's", "last_name": "India", "contact": "1099", "imported_time": "2019-07-31T03:17:36+00:00"}, {"first_name": "Emergency Helpline No's", "last_name": "India", "contact": "1322", "imported_time": "2019-07-31T03:17:36+00:00"}, {"first_name": "Poojitha", "last_name": "", "contact": "8466826661", "imported_time": "2019-07-31T03:17:36+00:00"}, {"first_name": "Mokshi", "last_name": "", "contact": "8341160325", "imported_time": "2019-07-31T03:17:36+00:00"}, {"first_name": "Emergency Helpline No's", "last_name": "India", "contact": "1947", "imported_time": "2019-07-31T03:17:36+00:00"}, {"first_name": "Emergency Helpline No's", "last_name": "India", "contact": "1414", "imported_time": "2019-07-31T03:17:36+00:00"}, {"first_name": "Emergency Helpline No's", "last_name": "India", "contact": "1071", "imported_time": "2019-07-31T03:17:36+00:00"}, {"first_name": "Emergency Helpline No's", "last_name": "India", "contact": "1904", "imported_time": "2019-07-31T03:17:36+00:00"}, {"first_name": "Emergency Helpline No's", "last_name": "India", "contact": "1320", "imported_time": "2019-07-31T03:17:36+00:00"}, {"first_name": "Nagarjuna Bro", "last_name": "Anna", "contact": "5129888756", "imported_time": "2019-07-31T03:17:36+00:00"}, {"first_name": "Emergency Helpline No's", "last_name": "India", "contact": "1321", "imported_time": "2019-07-31T03:17:36+00:00"}, {"first_name": "Emergency Helpline No's", "last_name": "India", "contact": "1582", "imported_time": "2019-07-31T03:17:36+00:00"}, {"first_name": "Mokshi", "last_name": "Mom", "contact": "7989726967", "imported_time": "2019-07-31T03:17:36+00:00"}, {"first_name": "Rani", "last_name": "Aunty", "contact": "8309330570", "imported_time": "2019-07-31T03:17:36+00:00"}, {"first_name": "Emergency Helpline No's", "last_name": "India", "contact": "1096", "imported_time": "2019-07-31T03:17:36+00:00"}, {"first_name": "Poojitha", "last_name": "", "contact": "6304522570", "imported_time": "2019-07-31T03:17:36+00:00"}, {"first_name": "Vijjayalakshmi", "last_name": "", "contact": "9949421093", "imported_time": "2019-07-31T03:17:36+00:00"}, {"first_name": "Emergency Helpline No's", "last_name": "India", "contact": "1583", "imported_time": "2019-07-31T03:17:36+00:00"}, {"first_name": "Emergency Helpline No's", "last_name": "India", "contact": "108", "imported_time": "2019-07-31T03:17:36+00:00"}, {"first_name": "Emergency Helpline No's", "last_name": "India", "contact": "1800110031", "imported_time": "2019-07-31T03:17:36+00:00"}, {"first_name": "Emergency Helpline No's", "last_name": "India", "contact": "never miss an emi with asap", "imported_time": "2019-07-31T03:17:36+00:00"}, {"first_name": "Reshma", "last_name": "", "contact": "8639160429", "imported_time": "2019-07-31T03:17:36+00:00"}, {"first_name": "she", "last_name": "team", "contact": "9490617444", "imported_time": "2019-07-31T03:17:36+00:00"}, {"first_name": "Emergency Helpline No's", "last_name": "India", "contact": "1407", "imported_time": "2019-07-31T03:17:36+00:00"}, {"first_name": "Pedhanana", "last_name": "", "contact": "9949185934", "imported_time": "2019-07-31T03:17:36+00:00"}, {"first_name": "Deepika", "last_name": "", "contact": "8790042837", "imported_time": "2019-07-31T03:17:36+00:00"}, {"first_name": "Bhavya", "last_name": "", "contact": "9848209679", "imported_time": "2019-07-31T03:17:36+00:00"}, {"first_name": "Rechal", "last_name": "", "contact": "6302594259", "imported_time": "2019-07-31T03:17:36+00:00"}, {"first_name": "Emergency Helpline No's", "last_name": "India", "contact": "155255", "imported_time": "2019-07-31T03:17:36+00:00"}, {"first_name": "Emergency Helpline No's", "last_name": "India", "contact": "1951", "imported_time": "2019-07-31T03:17:36+00:00"}, {"first_name": "Chandrani Akka CSE", "last_name": "yr", "contact": "9642194781", "imported_time": "2019-07-31T03:17:36+00:00"}, {"first_name": "Emergency Helpline No's", "last_name": "India", "contact": "181", "imported_time": "2019-07-31T03:17:36+00:00"}, {"first_name": "Bindu", "last_name": "", "contact": "8897631275", "imported_time": "2019-07-31T03:17:36+00:00"}, {"first_name": "Susmitha", "last_name": "", "contact": "6281245862", "imported_time": "2019-07-31T03:17:36+00:00"}, {"first_name": "Emergency Helpline No's", "last_name": "India", "contact": "1910", "imported_time": "2019-07-31T03:17:36+00:00"}, {"first_name": "Prasanna", "last_name": "", "contact": "9966767711", "imported_time": "2019-07-31T03:17:36+00:00"}, {"first_name": "Emergency Helpline No's", "last_name": "India", "contact": "1589", "imported_time": "2019-07-31T03:17:36+00:00"}, {"first_name": "Emergency Helpline No's", "last_name": "India", "contact": "1954", "imported_time": "2019-07-31T03:17:36+00:00"}, {"first_name": "Emergency Helpline No's", "last_name": "India", "contact": "1077", "imported_time": "2019-07-31T03:17:36+00:00"}, {"first_name": "Emergency Helpline No's", "last_name": "India", "contact": "101", "imported_time": "2019-07-31T03:17:36+00:00"}, {"first_name": "Sahithi", "last_name": "", "contact": "8096600874", "imported_time": "2019-07-31T03:17:36+00:00"}, {"first_name": "Naga", "last_name": "Lakshmi", "contact": "9951915210", "imported_time": "2019-07-31T03:17:36+00:00"}, {"first_name": "Varshini", "last_name": "", "contact": "7794022201", "imported_time": "2019-07-31T03:17:36+00:00"}, {"first_name": "Emergency Helpline No's", "last_name": "India", "contact": "133", "imported_time": "2019-07-31T03:17:36+00:00"}, {"first_name": "Emergency Helpline No's", "last_name": "India", "contact": "1918", "imported_time": "2019-07-31T03:17:36+00:00"}, {"first_name": "Emergency Helpline No's", "last_name": "India", "contact": "1500", "imported_time": "2019-07-31T03:17:36+00:00"}, {"first_name": "Emergency Helpline No's", "last_name": "India", "contact": "1092", "imported_time": "2019-07-31T03:17:36+00:00"}, {"first_name": "Emergency Helpline No's", "last_name": "India", "contact": "1031", "imported_time": "2019-07-31T03:17:36+00:00"}, {"first_name": "Swapna", "last_name": "Akka", "contact": "6309600992", "imported_time": "2019-07-31T03:17:36+00:00"}, {"first_name": "", "last_name": "", "contact": "9704897066", "imported_time": "2019-07-31T03:17:36+00:00"}, {"first_name": "Bullimama", "last_name": "Mama", "contact": "9885637437", "imported_time": "2019-07-31T03:17:36+00:00"}, {"first_name": "Emergency Helpline No's", "last_name": "India", "contact": "155313", "imported_time": "2019-07-31T03:17:36+00:00"}, {"first_name": "Daddy", "last_name": "", "contact": "8008957570", "imported_time": "2019-07-31T03:17:36+00:00"}, {"first_name": "Emergency Helpline No's", "last_name": "India", "contact": "1717", "imported_time": "2019-07-31T03:17:36+00:00"}, {"first_name": "Emergency Helpline No's", "last_name": "India", "contact": "155200", "imported_time": "2019-07-31T03:17:36+00:00"}, {"first_name": "Cyberabad", "last_name": "Whatsapp", "contact": "9490617444", "imported_time": "2019-07-31T03:17:36+00:00"}, {"first_name": "Emergency Helpline No's", "last_name": "India", "contact": "1586", "imported_time": "2019-07-31T03:17:36+00:00"}, {"first_name": "Varshitha", "last_name": "", "contact": "9381942270", "imported_time": "2019-07-31T03:17:36+00:00"}, {"first_name": "Emergency Helpline No's", "last_name": "India", "contact": "103", "imported_time": "2019-07-31T03:17:36+00:00"}, {"first_name": "Emergency Helpline No's", "last_name": "India", "contact": "1718", "imported_time": "2019-07-31T03:17:36+00:00"}, {"first_name": "Nirbhaya", "last_name": "", "contact": "9833312222", "imported_time": "2019-07-31T03:17:36+00:00"}, {"first_name": "Ikshitha", "last_name": "Mom", "contact": "8985761077", "imported_time": "2019-07-31T03:17:36+00:00"}, {"first_name": "Emergency Helpline No's", "last_name": "India", "contact": "1580", "imported_time": "2019-07-31T03:17:36+00:00"}, {"first_name": "Emergency Helpline No's", "last_name": "India", "contact": "1073", "imported_time": "2019-07-31T03:17:36+00:00"}, {"first_name": "Emergency Helpline No's", "last_name": "India", "contact": "1961", "imported_time": "2019-07-31T03:17:36+00:00"}, {"first_name": "Emergency Helpline No's", "last_name": "India", "contact": "1953", "imported_time": "2019-07-31T03:17:36+00:00"}, {"first_name": "Emergency Helpline No's", "last_name": "India", "contact": "1950", "imported_time": "2019-07-31T03:17:36+00:00"}, {"first_name": "Sai", "last_name": "😘", "contact": "9346403082", "imported_time": "2019-07-31T03:17:36+00:00"}, {"first_name": "Emergency Helpline No's", "last_name": "India", "contact": "1602", "imported_time": "2019-07-31T03:17:36+00:00"}, {"first_name": "Emergency Helpline No's", "last_name": "India", "contact": "1600-69", "imported_time": "2019-07-31T03:17:36+00:00"}, {"first_name": "Emergency Helpline No's", "last_name": "India", "contact": "166", "imported_time": "2019-07-31T03:17:36+00:00"}, {"first_name": "Emergency Helpline No's", "last_name": "India", "contact": "1800111139", "imported_time": "2019-07-31T03:17:36+00:00"}, {"first_name": "Emergency Helpline No's", "last_name": "India", "contact": "9540161344", "imported_time": "2019-07-31T03:17:36+00:00"}, {"first_name": "Emergency Helpline No's", "last_name": "India", "contact": "1033", "imported_time": "2019-07-31T03:17:36+00:00"}, {"first_name": "Emergency Helpline No's", "last_name": "India", "contact": "1671-73", "imported_time": "2019-07-31T03:17:36+00:00"}, {"first_name": "Hasmath", "last_name": "", "contact": "9346623588", "imported_time": "2019-07-31T03:17:36+00:00"}, {"first_name": "Emergency Helpline No's", "last_name": "India", "contact": "18004254732", "imported_time": "2019-07-31T03:17:36+00:00"}, {"first_name": "Vijjayalakshmi", "last_name": "", "contact": "9949179286", "imported_time": "2019-07-31T03:17:36+00:00"}, {"first_name": "Emergency Helpline No's", "last_name": "India", "contact": "197", "imported_time": "2019-07-31T03:17:36+00:00"}, {"first_name": "Emergency Helpline No's", "last_name": "India", "contact": "155233", "imported_time": "2019-07-31T03:17:36+00:00"}, {"first_name": "Pandu", "last_name": "", "contact": "7989122443", "imported_time": "2019-07-31T03:17:36+00:00"}, {"first_name": "Huawei Care", "last_name": "", "contact": "18002096555", "imported_time": "2019-07-31T03:17:36+00:00"}, {"first_name": "Nag", "last_name": "Anna", "contact": "8296432189", "imported_time": "2019-07-31T03:17:36+00:00"}, {"first_name": "Tejaswini Mom", "last_name": "", "contact": "9949254572", "imported_time": "2019-07-31T03:17:36+00:00"}, {"first_name": "Rama", "last_name": "pinni", "contact": "6300939353", "imported_time": "2019-07-31T03:17:36+00:00"}, {"first_name": "", "last_name": "", "contact": "9850713954", "imported_time": "2019-07-31T03:17:36+00:00"}, {"first_name": "", "last_name": "", "contact": "8121135916", "imported_time": "2019-07-31T03:17:36+00:00"}, {"first_name": "Tejaswini", "last_name": "Mom", "contact": "9494966575", "imported_time": "2019-07-31T03:17:36+00:00"}, {"first_name": "Kotak Securities Customer Care", "last_name": "Care", "contact": "18602669191", "imported_time": "2019-07-31T03:17:36+00:00"}, {"first_name": "Huawei Care", "last_name": "", "contact": "service.hw.in@huawei.com", "imported_time": "2019-07-31T03:17:36+00:00"}, {"first_name": "Pravallika Jio", "last_name": "", "contact": "6305404745", "imported_time": "2019-07-31T03:17:36+00:00"}, {"first_name": "Huawei Care", "last_name": "", "contact": "18002096555", "imported_time": "2019-07-31T03:17:36+00:00"}, {"first_name": "Komali Atha", "last_name": "", "contact": "6309330663", "imported_time": "2019-07-31T03:17:36+00:00"}, {"first_name": "Ma❤️😘", "last_name": "", "contact": "8500396140", "imported_time": "2019-07-31T03:17:36+00:00"}, {"first_name": "Nagalakshmi", "last_name": "ATHA", "contact": "9515436131", "imported_time": "2019-07-31T03:17:36+00:00"}, {"first_name": "", "last_name": "", "contact": "9949930464", "imported_time": "2019-07-31T03:17:36+00:00"}, {"first_name": "swapna", "last_name": "dhidhi", "contact": "8247090016", "imported_time": "2019-07-31T03:17:36+00:00"}, {"first_name": "Prasana", "last_name": "10th", "contact": "9121363759", "imported_time": "2019-07-24T08:16:19+00:00"}, {"first_name": "Nagalakshmi", "last_name": "Atha", "contact": "7995396409", "imported_time": "2019-07-24T08:16:19+00:00"}, {"first_name": "Daddy❤️😘", "last_name": "", "contact": "8008957570", "imported_time": "2019-07-24T08:16:19+00:00"}, {"first_name": "Deepika Padukone", "last_name": "", "contact": "8309390430", "imported_time": "2019-07-24T08:16:19+00:00"}, {"first_name": "Pravallika@Nec", "last_name": "", "contact": "9951976955", "imported_time": "2019-07-24T08:16:19+00:00"}, {"first_name": "sandhya", "last_name": "", "contact": "9949417929", "imported_time": "2019-07-24T08:16:19+00:00"}, {"first_name": "Keerthi", "last_name": "", "contact": "9121926242", "imported_time": "2019-07-24T08:16:19+00:00"}, {"first_name": "Srivalli", "last_name": "", "contact": "9014973969", "imported_time": "2019-07-24T08:16:19+00:00"}, {"first_name": "Huawei Care", "last_name": "", "contact": "service.hw.in@huawei.com", "imported_time": "2019-07-24T08:16:19+00:00"}, {"first_name": "Tejaswini", "last_name": "", "contact": "9494966878", "imported_time": "2019-07-24T08:16:19+00:00"}, {"first_name": "Tejaswini", "last_name": "Mom", "contact": "9494966575", "imported_time": "2019-07-24T08:16:19+00:00"}, {"first_name": "Sai", "last_name": "Garu", "contact": "9346403082", "imported_time": "2019-07-24T08:16:19+00:00"}, {"first_name": "Ruchitha", "last_name": "", "contact": "7995491686", "imported_time": "2019-07-24T08:16:19+00:00"}, {"first_name": "Praveena", "last_name": "", "contact": "9032962480", "imported_time": "2019-07-24T08:16:19+00:00"}, {"first_name": "Sanjana", "last_name": "", "contact": "7995632461", "imported_time": "2019-07-24T08:16:19+00:00"}, {"first_name": "Pandu", "last_name": "", "contact": "7799521010", "imported_time": "2019-07-24T08:16:19+00:00"}, {"first_name": "Huawei Care", "last_name": "", "contact": "18002096555", "imported_time": "2019-07-24T08:16:19+00:00"}, {"first_name": "Susmitha", "last_name": "", "contact": "6281245862", "imported_time": "2019-07-24T08:16:19+00:00"}, {"first_name": "Ikshitha", "last_name": "", "contact": "8985761077", "imported_time": "2019-07-24T08:16:19+00:00"}, {"first_name": "ArunTammudu🐷🐵", "last_name": "", "contact": "9398882452", "imported_time": "2019-07-24T08:16:19+00:00"}, {"first_name": "Vijjayalakshmi", "last_name": "", "contact": "9949421093", "imported_time": "2019-07-24T08:16:19+00:00"}, {"first_name": "Manogna", "last_name": "", "contact": "6304774646", "imported_time": "2019-07-24T08:16:19+00:00"}, {"first_name": "Brother", "last_name": "", "contact": "9949185934", "imported_time": "2019-07-24T08:16:19+00:00"}, {"first_name": "Reshma", "last_name": "", "contact": "7660962509", "imported_time": "2019-07-24T08:16:19+00:00"}, {"first_name": "Bhuvana", "last_name": "", "contact": "7702571319", "imported_time": "2019-07-24T08:16:19+00:00"}, {"first_name": "Hema", "last_name": "", "contact": "9121758763", "imported_time": "2019-07-24T08:16:19+00:00"}, {"first_name": "Triveni", "last_name": "", "contact": "9121853599", "imported_time": "2019-07-24T08:16:19+00:00"}, {"first_name": "Srikanth", "last_name": "Bro", "contact": "9491665548", "imported_time": "2019-07-24T08:16:19+00:00"}, {"first_name": "Pedhamma", "last_name": "", "contact": "7993639575", "imported_time": "2019-07-24T08:16:19+00:00"}, {"first_name": "Vishnu", "last_name": "", "contact": "8106373765", "imported_time": "2019-07-24T08:16:19+00:00"}, {"first_name": "ramya", "last_name": "", "contact": "9100209395", "imported_time": "2019-07-24T08:16:19+00:00"}, {"first_name": "", "last_name": "", "contact": "9949930464", "imported_time": "2019-07-24T08:16:19+00:00"}, {"first_name": "Tejaswini", "last_name": "Mom", "contact": "9949254572", "imported_time": "2019-07-24T08:16:19+00:00"}, {"first_name": "Indu", "last_name": "", "contact": "8886161059", "imported_time": "2019-07-24T08:16:19+00:00"}, {"first_name": "ChandraAkka@NEC", "last_name": "", "contact": "7330959074", "imported_time": "2019-07-24T08:16:19+00:00"}, {"first_name": "Kalli", "last_name": "Venkata", "contact": "9908208866", "imported_time": "2019-07-24T08:16:19+00:00"}, {"first_name": "Sahithi", "last_name": "", "contact": "8096600874", "imported_time": "2019-07-24T08:16:19+00:00"}, {"first_name": "Jass😍", "last_name": "", "contact": "6303574755", "imported_time": "2019-07-24T08:16:19+00:00"}, {"first_name": "Pravallika Jio", "last_name": "", "contact": "6305404745", "imported_time": "2019-07-24T08:16:19+00:00"}, {"first_name": "Swapna", "last_name": "Akka", "contact": "8297066276", "imported_time": "2019-07-24T08:16:19+00:00"}, {"first_name": "Sravani", "last_name": "", "contact": "8309061911", "imported_time": "2019-07-24T08:16:19+00:00"}, {"first_name": "Srinu", "last_name": "grandpa", "contact": "9949930464", "imported_time": "2019-07-24T08:16:19+00:00"}, {"first_name": "Manasa", "last_name": "", "contact": "6300775219", "imported_time": "2019-07-24T08:16:19+00:00"}, {"first_name": "Ikshitha  Mom", "last_name": "", "contact": "7893260579", "imported_time": "2019-07-24T08:16:19+00:00"}, {"first_name": "Peddamma", "last_name": "", "contact": "7993639575", "imported_time": "2019-07-24T08:16:19+00:00"}, {"first_name": "Bindu", "last_name": "", "contact": "9059979868", "imported_time": "2019-07-24T08:16:19+00:00"}, {"first_name": "Nagarjuna Anna", "last_name": "Bro", "contact": "8801818535", "imported_time": "2019-07-24T08:16:19+00:00"}, {"first_name": "Vijjayalakshmi", "last_name": "", "contact": "9949179286", "imported_time": "2019-07-24T08:16:19+00:00"}, {"first_name": "Rebel", "last_name": "🔫", "contact": "9381942270", "imported_time": "2019-07-24T08:16:19+00:00"}, {"first_name": "Rechal Mom", "last_name": "", "contact": "7382565970", "imported_time": "2019-07-24T08:16:19+00:00"}, {"first_name": "Kotak Securities Customer Care", "last_name": "Care", "contact": "18602669191", "imported_time": "2019-07-24T08:16:19+00:00"}, {"first_name": "Niharika", "last_name": "", "contact": "9603229389", "imported_time": "2019-07-24T08:16:19+00:00"}, {"first_name": "Jasmine", "last_name": "", "contact": "6303574755", "imported_time": "2019-07-24T08:16:19+00:00"}, {"first_name": "Poojitha", "last_name": "", "contact": "6304522570", "imported_time": "2019-07-24T08:16:19+00:00"}, {"first_name": "Komali Atha", "last_name": "", "contact": "6309330663", "imported_time": "2019-07-24T08:16:19+00:00"}, {"first_name": "Anusha", "last_name": "Akka", "contact": "9052028814", "imported_time": "2019-07-24T08:16:19+00:00"}, {"first_name": "Hasmath", "last_name": "", "contact": "9346623588", "imported_time": "2019-07-24T08:16:19+00:00"}, {"first_name": "Nagalakshmi", "last_name": "ATHA", "contact": "9515436131", "imported_time": "2019-07-24T08:16:19+00:00"}, {"first_name": "3veni", "last_name": "", "contact": "8185897405", "imported_time": "2019-07-24T08:16:19+00:00"}, {"first_name": "Pedhanana", "last_name": "", "contact": "9949185934", "imported_time": "2019-07-24T08:16:19+00:00"}, {"first_name": "Hari", "last_name": "Babai", "contact": "9916523136", "imported_time": "2019-07-24T08:16:19+00:00"}, {"first_name": "Shruthi", "last_name": "", "contact": "6303221609", "imported_time": "2019-07-24T08:16:19+00:00"}, {"first_name": "Ma❤️😘", "last_name": "", "contact": "8500396140", "imported_time": "2019-07-24T08:16:19+00:00"}, {"first_name": "Gayi3", "last_name": "", "contact": "9490995967", "imported_time": "2019-07-24T08:16:19+00:00"}, {"first_name": " Venki Mama", "last_name": "", "contact": "9908208866", "imported_time": "2019-07-24T08:16:19+00:00"}, {"first_name": "Poojitha", "last_name": "", "contact": "8466826661", "imported_time": "2019-07-24T08:16:19+00:00"}, {"first_name": "Roshni", "last_name": "", "contact": "7780703922", "imported_time": "2019-07-24T08:16:19+00:00"}, {"first_name": "Bulli", "last_name": "Mama", "contact": "9885637437", "imported_time": "2019-07-24T08:16:19+00:00"}, {"first_name": "Swapna Akka", "last_name": "", "contact": "8297066276", "imported_time": "2019-07-24T08:16:19+00:00"}, {"first_name": "Ikshitha Dad", "last_name": "", "contact": "9959307903", "imported_time": "2019-07-24T08:16:19+00:00"}, {"first_name": "Raja", "last_name": "Anna", "contact": "7899083743", "imported_time": "2019-07-24T08:16:19+00:00"}, {"first_name": "Sreenu", "last_name": "Gummadi", "contact": "9949930464", "imported_time": "2019-07-24T08:16:19+00:00"}, {"first_name": "Rechal🙂", "last_name": "", "contact": "6302594259", "imported_time": "2019-07-24T08:16:19+00:00"}, {"first_name": "Anusha", "last_name": "Rompicharla", "contact": "9052028814", "imported_time": "2019-07-24T08:16:19+00:00"}, {"first_name": "Rama", "last_name": "pinni", "contact": "6300939353", "imported_time": "2019-07-24T08:16:19+00:00"}, {"first_name": "Hema", "last_name": "Dad", "contact": "9000103294", "imported_time": "2019-07-24T08:16:19+00:00"}, {"first_name": "swapna", "last_name": "dhidhi", "contact": "8247090016", "imported_time": "2019-07-24T08:16:19+00:00"}, {"first_name": "Ikshiitha", "last_name": "Sis", "contact": "9440834762", "imported_time": "2019-07-24T08:16:19+00:00"}, {"first_name": "Chandrani Akka CSE", "last_name": "yr", "contact": "9642194781", "imported_time": "2019-07-24T08:16:19+00:00"}, {"first_name": "Manogna@Nec", "last_name": "", "contact": "6301960393", "imported_time": "2019-07-24T08:16:19+00:00"}, {"first_name": "Pravallika", "last_name": "", "contact": "7981938572", "imported_time": "2019-07-24T08:16:19+00:00"}, {"first_name": "Rama", "last_name": "Jio", "contact": "6300939353", "imported_time": "2019-07-24T08:16:19+00:00"}, {"first_name": "chitti", "last_name": "talli", "contact": "8790042837", "imported_time": "2019-07-24T08:16:19+00:00"}, {"first_name": "Prasanna", "last_name": "", "contact": "9966767711", "imported_time": "2019-07-24T08:16:19+00:00"}, {"first_name": "Jyothi", "last_name": "", "contact": "9346173188", "imported_time": "2019-07-24T08:16:19+00:00"}, {"first_name": "Bhavya", "last_name": "", "contact": "9347658923", "imported_time": "2019-07-24T08:16:19+00:00"}, {"first_name": "Roshini", "last_name": "", "contact": "9100288923", "imported_time": "2019-07-24T08:16:19+00:00"}, {"first_name": "Pravallika@nec", "last_name": "", "contact": "9951976955"}, {"first_name": "Ruchitha", "last_name": "", "contact": "7995491686", "imported_time": "2019-04-08T15:22:34+00:00"}, {"first_name": "Srivalli", "last_name": "", "contact": "9014973969", "imported_time": "2019-04-08T15:22:34+00:00"}, {"first_name": "Manogna", "last_name": "", "contact": "6304774646", "imported_time": "2019-04-08T15:22:34+00:00"}, {"first_name": "Anusha", "last_name": "Akka", "contact": "9052028814", "imported_time": "2019-04-08T15:22:34+00:00"}, {"first_name": "Vishnu", "last_name": "Priya", "contact": "9491915462", "imported_time": "2019-04-08T15:22:34+00:00"}, {"first_name": "Sahithi", "last_name": "", "contact": "7396730992", "imported_time": "2019-04-08T15:22:34+00:00"}, {"first_name": "Sai", "last_name": "Garu", "contact": "9346403082", "imported_time": "2019-04-08T15:22:34+00:00"}, {"first_name": "Pandu", "last_name": "", "contact": "7799521010", "imported_time": "2019-04-08T15:22:34+00:00"}, {"first_name": "Manogna@NEC", "last_name": "", "contact": "7207524832", "imported_time": "2019-04-08T15:22:34+00:00"}, {"first_name": "Pedhanana", "last_name": "", "contact": "9949185934", "imported_time": "2019-04-08T15:22:34+00:00"}, {"first_name": "Tejaswini", "last_name": "", "contact": "9494966878", "imported_time": "2019-04-08T15:22:34+00:00"}, {"first_name": "Pravallika Jio", "last_name": "", "contact": "6305404745", "imported_time": "2019-04-08T15:22:34+00:00"}, {"first_name": "Bhuvana", "last_name": "", "contact": "7702571319", "imported_time": "2019-04-08T15:22:34+00:00"}, {"first_name": "Keerthi", "last_name": "Sis", "contact": "9121996025", "imported_time": "2019-04-08T15:22:34+00:00"}, {"first_name": "Poojitha", "last_name": "", "contact": "6304522570", "imported_time": "2019-04-08T15:22:34+00:00"}, {"first_name": "Deepika", "last_name": "Padukone", "contact": "8309390430", "imported_time": "2019-04-08T15:22:34+00:00"}, {"first_name": "ChandraAkka@NEC", "last_name": "", "contact": "7330959074", "imported_time": "2019-04-08T15:22:34+00:00"}, {"first_name": "Indu", "last_name": "", "contact": "8886161059", "imported_time": "2019-04-08T15:22:34+00:00"}, {"first_name": "Shruthi", "last_name": "", "contact": "6303221609", "imported_time": "2019-04-08T15:22:34+00:00"}, {"first_name": "Keerthi", "last_name": "", "contact": "9121926242", "imported_time": "2019-04-08T15:22:34+00:00"}, {"first_name": "Vijjayalakshmi", "last_name": "", "contact": "9949421093", "imported_time": "2019-04-08T15:22:34+00:00"}, {"first_name": "Prasana", "last_name": "10th", "contact": "9121363759", "imported_time": "2019-04-08T15:22:34+00:00"}, {"first_name": "Pragana", "last_name": "10th", "contact": "9182201511", "imported_time": "2019-04-08T15:22:34+00:00"}, {"first_name": "Guda Sivareddy", "last_name": "", "contact": "8520057624", "imported_time": "2019-04-08T15:22:34+00:00"}, {"first_name": "Triveni", "last_name": "", "contact": "9121853599", "imported_time": "2019-04-08T15:22:34+00:00"}, {"first_name": "", "last_name": "", "contact": "cherkuriniharika414@gmail.com", "imported_time": "2019-04-08T15:22:34+00:00"}, {"first_name": "Nagalakshmi", "last_name": "Atha", "contact": "7995396409", "imported_time": "2019-04-08T15:22:34+00:00"}, {"first_name": "Prasanna", "last_name": "", "contact": "9966767711", "imported_time": "2019-04-08T15:22:34+00:00"}, {"first_name": "Rechal", "last_name": "", "contact": "6302594259", "imported_time": "2019-04-08T15:22:34+00:00"}, {"first_name": "Gayi3", "last_name": "", "contact": "9490995967", "imported_time": "2019-04-08T15:22:34+00:00"}, {"first_name": "Roshni", "last_name": "", "contact": "7780703922", "imported_time": "2019-04-08T15:22:34+00:00"}, {"first_name": "Sahithi", "last_name": "", "contact": "8096600874", "imported_time": "2019-04-08T15:22:34+00:00"}, {"first_name": "Bulli", "last_name": "Mama", "contact": "9885637437", "imported_time": "2019-04-08T15:22:34+00:00"}, {"first_name": "Dad❤️😘", "last_name": "", "contact": "8008957570", "imported_time": "2019-04-08T15:22:34+00:00"}, {"first_name": "Pravallika@Nec", "last_name": "", "contact": "9951976955", "imported_time": "2019-04-08T15:22:34+00:00"}, {"first_name": "Pedhamma", "last_name": "", "contact": "7993639575", "imported_time": "2019-04-08T15:22:34+00:00"}, {"first_name": "Prassana", "last_name": "@school", "contact": "9121363759", "imported_time": "2019-04-08T15:22:34+00:00"}, {"first_name": "Hema", "last_name": "Dad", "contact": "9000103294", "imported_time": "2019-04-08T15:22:34+00:00"}, {"first_name": "Bhavya", "last_name": "", "contact": "9848209679", "imported_time": "2019-04-08T15:22:34+00:00"}, {"first_name": "Vishnu", "last_name": "Dad", "contact": "9603553347", "imported_time": "2019-04-08T15:22:34+00:00"}, {"first_name": "Komali Atha", "last_name": "", "contact": "6309330663", "imported_time": "2019-04-08T15:22:34+00:00"}, {"first_name": "Reshma", "last_name": "", "contact": "7660962509", "imported_time": "2019-04-08T15:22:34+00:00"}, {"first_name": "Ikshitha  Mom", "last_name": "", "contact": "7893260579", "imported_time": "2019-04-08T15:22:34+00:00"}, {"first_name": "Hema", "last_name": "", "contact": "9121758763", "imported_time": "2019-04-08T15:22:34+00:00"}, {"first_name": "ArunTammudu🐷🐵", "last_name": "", "contact": "9398882452", "imported_time": "2019-04-08T15:22:34+00:00"}, {"first_name": "Srivalli", "last_name": "", "contact": "9885527078", "imported_time": "2019-04-08T15:22:34+00:00"}, {"first_name": "Chandrani Akka CSE", "last_name": "yr", "contact": "9642194781", "imported_time": "2019-04-08T15:22:34+00:00"}, {"first_name": "Poojitha", "last_name": "", "contact": "8466826661", "imported_time": "2019-04-08T15:22:34+00:00"}, {"first_name": "Vijjayalakshmi", "last_name": "", "contact": "9949179286", "imported_time": "2019-04-08T15:22:34+00:00"}, {"first_name": "Srikanth", "last_name": "Bro", "contact": "9491665548", "imported_time": "2019-04-08T15:22:34+00:00"}, {"first_name": "ramya", "last_name": "", "contact": "9100209395", "imported_time": "2019-04-08T15:22:34+00:00"}, {"first_name": "Nag", "last_name": "Bro", "contact": "8801818535", "imported_time": "2019-04-08T15:22:34+00:00"}, {"first_name": "Niharika", "last_name": "", "contact": "9603229389", "imported_time": "2019-04-08T15:22:34+00:00"}, {"first_name": "Sanjana", "last_name": "", "contact": "7995632461", "imported_time": "2019-04-08T15:22:34+00:00"}, {"first_name": "Hasmath", "last_name": "", "contact": "9346623588", "imported_time": "2019-04-08T15:22:34+00:00"}, {"first_name": "Sravani", "last_name": "", "contact": "8309061911", "imported_time": "2019-04-08T15:22:34+00:00"}, {"first_name": "Jass😍", "last_name": "", "contact": "6303574755", "imported_time": "2019-04-08T15:22:34+00:00"}, {"first_name": "Pig", "last_name": "", "contact": "9381942270", "imported_time": "2019-04-08T15:22:34+00:00"}, {"first_name": "Susmitha", "last_name": "", "contact": "6281245862", "imported_time": "2019-04-08T15:22:34+00:00"}, {"first_name": "Hari", "last_name": "Babai", "contact": "9916523136", "imported_time": "2019-04-08T15:22:34+00:00"}, {"first_name": "lakshmi", "last_name": "prasannagleela", "contact": "lakshmiprasannaleela@gmail.com", "imported_time": "2019-04-08T15:22:34+00:00"}, {"first_name": "Kotak Securities Customer Care", "last_name": "Care", "contact": "18602669191", "imported_time": "2019-04-08T15:22:34+00:00"}, {"first_name": "Bindu", "last_name": "", "contact": "9059979868", "imported_time": "2019-04-08T15:22:34+00:00"}, {"first_name": "Pravallika", "last_name": "", "contact": "7981938572", "imported_time": "2019-04-08T15:22:34+00:00"}, {"first_name": "Tejaswini", "last_name": "Mom", "contact": "9494966575", "imported_time": "2019-04-08T15:22:34+00:00"}, {"first_name": "Swapna", "last_name": "Akka", "contact": "8297066276", "imported_time": "2019-04-08T15:22:34+00:00"}, {"first_name": "Manasa", "last_name": "", "contact": "6300775219", "imported_time": "2019-04-08T15:22:34+00:00"}]